noun,uniqueMentions,totalMentions,sumPolarity,sumSubjectivity
Tesla,27.0,158.0,10.0906867785,39.9478282828
SolarCity,14.0,30.0,0.968686868687,7.82108585859
GE,7.0,9.0,0.236111111111,2.73888888889
SunPower,5.0,7.0,0.513888888889,1.98055555556
Siemens,4.0,6.0,0.975,2.05833333333
