noun,uniqueMentions,totalMentions,sumPolarity,sumSubjectivity
Donald Trump,37.0,129.0,11.9877786797,40.632274531
Elon Musk,9.0,69.0,7.15782647908,18.2595075758
Scott Pruitt,6.0,16.0,1.39299242424,4.7696969697
Vinod Khosla,3.0,12.0,1.9,3.8625
Rex Tillerson,4.0,10.0,0.0534992784993,3.27044733045
Bill Gates,2.0,8.0,1.05075757576,1.7678030303
