noun,uniqueMentions,totalMentions,sumPolarity,sumSubjectivity
U.S.,71.0,186.0,14.6871946076,55.8382850615
China,15.0,26.0,2.73866161616,5.67202020202
U.K.,8.0,24.0,1.80997835498,7.68441197691
India,10.0,22.0,1.38286435786,5.93878066378
Germany,8.0,18.0,0.0584523809524,6.56357142857
Ireland,2.0,11.0,0.050462962963,2.71898148148
Canada,3.0,6.0,-0.191666666667,0.833333333333
Israel,1.0,2.0,0.0,0.0
France,1.0,1.0,0.0442857142857,0.341428571429
Netherlands,1.0,1.0,0.0,0.25
